After FG Vol. 1,427
After FG Vol. 2,218
Akon Feat Booba - Locked Up (France Remix).mp3,420
Aladin - Ce RÃªve Bleu (1).mp3,58
Alain Souchon,313
Alain SOUCHON - Le Baiser.mp3,433
Alan Master T - People Hold On.mp3,586
Amine - My Girl.mp3,344
Anaklein - Lena (First Club Mix).mp3,359
Assia - Elle est a toi.mp3,247
Axelle RED - Parce que c'est toi.mp3,554
B2K ft. Fabolous - Badaboom.wma,329
Beenie Man & Assia - Street Life.wma,313
Ben - 1972 (HD Original Video Karaoke Sound) Sing with Michael Jackson.wmv,111
Beyonce - Check on it.wma,462
BLUE - curtain falls 1.mp3,69
Booba - Baby feat. nessbeal.mp3,492
Booba - Ouest Side - 12 - Au Bout de Mes Reves feat. Tra.mp3,204
Britney Spears - Someday (I will understand).mp3,442
Bryan Adams - 1997 - The best of me,473
celine-dion-pour-que-tu-maimes-encore-video-officiel.mp3,129
Céline Dion - Titanic.mp3,87
Cheb Douzi - Yalli nasini.mp3,282
Craig David feat. Sting - Rise And Fall.mp3,544
Daddy Nuttea - Elle te rend dingue (poom poom short).mp3,354
Daddy Yankee- La Gasolina.mp3,134
dalida-il-venait-davoir-18-ans-1975-integrale.mp3,97
Dancefloor - 2008 - Remix,272
Dany Brillant,473
Dany BRILLANT - Tant qu'il y aura des femmes.mp3,104
Destiny'S Child Vs Craig David - Say My Name (Remix).wma,279
Didier Sinclair - Feel The Wave (Radio Mix).mp3,597
Dirty Dancing - 1999 - Collectors,508
don omar & jenifer lopez reggaeton 2005 Hold You Down.mp3,71
Échantillons de musique.lnk,589
eddy-mitchell-la-derniere-seance-1977.mp3,420
Enrique Iglesias - 2007 - Insomniac,217
Enrique Iglesias & Nadya - Tired Of Being Sorry.mp3,502
Enrique Inglesias - Be With You.mp3,599
Enrique Inglesias Do You Know (Ping Pong Song).mp3,412
Erotic lounge - 2007 - Vol. 5,113
Etienne Daho - 2008 - Tombés pour Daho,367
Eve ANGELI - Je sais.mp3,192
Fatman Scoop vs Beyonce Knowles.MP3,407
Feist - 1234.mp3,367
Ferrat Aragon,495
Florent Pagny,397
Florent PAGNY chante BREL,60
Francis Cabrel  - 2008 - Des roses et des orties,432
Ghostbusters - Theme.mp3,197
Ghostface feat. Ne-Yo - Back like that.wma,25
Gwen Stefani - bad girl.wma,493
Helene Segara Laura Pausini - On N'Oublie Jamais Rien On Vit Avec.mp3,244
Henri SALVADOR - Mademoiselle.mp3,33
HUMPHREY - A quoi bon l'amour.wma,182
Isabelle BOULAY - Quelques pleurs.mp3,385
James Blunt - Cry.wma,14
James BLUNT - GoodBye my lover.mp3,577
James BLUNT - Where is my mind.mp3,379
James Blunt - You're beautiful.mp3,80
- Janet Jackson - Call on me (feat Nelly) NEW SINGLE 2006.wma,235
jean-jacques-goldman-puisque-tu-pars-clip-officiel.mp3,488
Jenifer Bartoli - Le Souvenir De Ce Jour.wma,60
jjg-elle-a-fait-un-bebe-toute-seule-lyrics-paroles-letras.mp3,114
JL AUBERT - Alter ego.mp3,565
johnny-hallyday-allumer-le-feu.mp3,42
Juanes - A Dios Le Pido.mp3,572
 Juanes & Nelly Furtado - Fotografia(1).wma,376
Juanes & Nelly Furtado - Fotografia(1).wma,363
Kanye West ft. Jamie Fox - Gold Digga.wma,591
Kevin Little ft sean paul - Turn Me On (Remix) (1).mp3,343
kool_shen_et_salif_feat_roldan-paris-cuba.wma,156
Kool Shen Feat Dadoo & Rohff - L'Avenir Est Ã€ Nous.mp3,223
Krys Feat. Perle Lama - Viens Avec Moi.wma,42
KT Tunstall - Suddenly I see.mp3,257
LASSASSIN01.MP3,17
Lemar Feat Cassidy.wma,127
Leona Lewis - Spirit [2007][CD+SkidVid_XviD+Cov]192Kbps,508
Le roi lion,514
Les enfoires - 2008 - les secrets des enfoires,577
Leslie feat Amine - Sobri.wma,364
Leslie - Vivons pour demain.wma,296
LL Cool J feat Jenifer Lopez - Controll myself (DJ A2b Funkymix 2006)(1).wma,192
Lorie-2lor.En.Moi.2007.By.Cheyenne,258
Louisy Joseph-Assis Par Terre.mp3,533
Louisy Joseph - Mes insomnies.mp3,519
Mahalia Jackson - Oh Happy Days.mp3,285
Marc LAVOINE-01-Dis moi que l'amour.mp3,338
Marc Lavoine - 2001 - Best of,595
Marc Lavoine - 2007 - Ses Duo,241
mariah carey - touch my body hq.mp3,206
Maroon 5 - She Will Be Loved.wma,494
Matt Houston Cendrillon du Ghetto.mp3,13
Matt Houston - RnB de Rue.wma,101
maxime-le-forestier-comme-un-arbre-1972.mp3,377
Michael Jackson - Bad - 1987(3).MP3,323
Michael Jackson - Billie jean  [2156].mp3,590
Michael Jackson Billie Jean Motown 25th Anniversary Haute qualité.wmv,26
Michael Jackson - Black Or White.wmv,412
Michael Jackson - Cry.mp3,444
Michael Jackson & Friends - We are The World.mp3,107
Michael Jackson - Heal the World (Acapella)_mp4.mp3,573
Michael Jackson - Heal the World (Acapella)_mp4.mp4,377
Michael Jackson Heal the world Karaoke + Download Link.wmv,590
michael-jackson-man-in-the-mirror.mp3,89
Michael Jackson Memorial Video We are The World_Heal The World.mp3,416
Michael Jackson Memorial Video We are The World_Heal The World.mp4,73
Michael.Jacksons.Last.Days.What.Really.Happened.WS.PDTV.XviD-aAF,162
Michael Jackson - We are the World lyrics.wmv,270
Mickael Jackson - I Just Can`T Stop Loving You.mp3,440
mon-frere-maxime-le-forestier.mp3,546
Montecarlo Nights - 2004 - Amor Latino Vol.1,298
Montecarlo Nights - 2007 - Amor Latino Vol.2,79
Musique de film - Get It On Tonite ( Save The Last Dance).mp3,259
Musique de film - Save the last dance.mp3,89
Natacha St Pierre-Un Ange Frappe A Ma Porte.wma,242
ne-en-17-a-leindenstadt-jean-jacques-goldman-wmv.mp3,312
Nelly Furtado - Maneater.mp3,334
New Order - Best of - 11 - Regret.mp3,217
Neyo - So Sick.wma,258
Nokia Music Manager,17
Nouveau dossier,328
Nouveau dossier (3),144
Nuttea - Trop peu de temps.mp3,59
OtisRedding,261
Pascal OBISPO - L'important c'est d'aimer.mp3,449
Pascal Obispo - Nouveau Voyage (C'est la vie).mp3,560
Patricia KAAS - Un homme et une femme.mp3,407
patrick-bruel-place-des-grands-hommes-with-lyrics.mp3,112
Patrick Fiori Ft Jj Goldman - 4 Mots Sur Un Piano.mp3,394
Pink.-.Stupid.Girls.(for.www.eselfilme.com.by.balticstorm).wma,355
queen-bohemian-rhapsody-official-video.mp3,589
Rem - In Time - Best Of 1988-2003,242
Renan Luce - 2008 - Repenti,433
Rihanna - SOS.wma,137
Rihanna - Unfaithful.mp3,447
Roch Voisine - Sauf si l'amour,194
Rohff-ca_fait_plaisir_(avec_intouchable).wma,214
Sauvegarde de la licence,460
Sebastien Tellier - 2001 - L'incroyable Vérité,502
Sebastien Tellier - 2006 - Broadway,333
Sébastien Tellier - 2008 - Sexuality,286
Shakira ft Wyclef Jean- Hips Don't Lie.wma,358
shym-T'es Parti.mp3,471
Singuila - Le Temps Passe Trop Vite(1).wma,185
SINGUILA - Ma nature.wma,343
Sinik - 2 Victimes 1 Coupable.wma,308
Sinik et Vitaa - Ne dis jamais.wma,573
Sinik feat diam's - le meme sang.mp3,108
Sniper_-_Trait_pour_Trait.mp3,465
Snoop Dogg - Sensual Seduction.mp3,453
STARTING ROCK Feat. Diva AVARI - Movin' on.mp3,183
Stephane Pompougnac - 2003 - Living On The Edge,197
Stephane Pompougnac - 2003 - Saks Fifth Avenue,187
Sugar Sugar$$$.mp3,18
Superbus - 2007 - Wow,510
suzanne-vega-luka.mp3,521
SYSISTE.wma,438
Techno - Titanic - Dance Remix (good one).mp3,78
Texas - 2000 - The Greatest Hits,348
The Killers - 2007 - Sawdust,158
the pussycat dolls - buttons.wma,436
The Pussycat Dolls feat. Busta Rhymes - Don't Cha (remix).mp3,37
the_pussycat_dolls-stickwitu.wma,245
Tina ARENA - tu es toujours là.mp3,49
ToUcHe PaS a Ma SoEuR !!.wma,205
Trina ft. Kelly Rowland - Here We Go.mp3,560
TRISTAN GARNER Feat AKIL ARIAS - Give Love (Radio Edit) TOP HOUSE 2007 OCTOBRE.mp3,274
Tristan Garner_Give_Love_feat__Akil_Arias_Remix.mp3,136
Trop Fresh.wma,393
tu-es-de-ma-famille-jean-jacques-goldman.mp3,515
Upa dance - Morenita.mp3,237
Usher and MJ Remix.mp3,132
Usher & Craig David - All about U - Party Remix.mp3,332
Usher feat Alicia Keys - My Boo.wma,110
Vanessa Paradis - 2007 - Divinidylle,573
Vitaa & Mafia K'1 Fry - Mytho.wma,587
Vitaa - Ma Soeur...-.wma,355
Vox Angeli - 2008 - Vox Angeli,577
We Are The World 25 For Haiti - Official Video_HD.avi,587
we are the World for Haiti.mp3,132
WE are THe World (with words) Karaoke.wmv,558
What' s My Name ( Lil Bow Wow feat. Snoop Dogg).mp3,317
yabanci - Laam - Petite soeur.wma,590
Ze pequeno --- le centre du monde.wma,499
Zina ft L'émeute - Parle moi de lui.mp3,137
Z madona HUNG UP .mp3,521
